<?xml version="1.0" encoding="UTF-8"?>
<IveWorld>
    
    <graphicTemplates>
        <GraphicTemplate name="GrTown" src="cz/ive/resources/images/village.gif" center_x="48" center_y="32"/>
    </graphicTemplates>
    
    <!-- World topology on the levels 1-3 -->
    <locationTemplates>
        <!-- Root LOD 1 -->
        <GraphLocation name="World" lod="1">
            <inherentObjects/>
            <subLocations>
                <Location name="Kladno" template="Town" x="50" y="50">
                    <placement>
                        <ObjectPlacement objectTemplate="/system"/>
                    </placement>
                </Location>
                <Location name="Praha" template="Town" x="-50" y="50">
                    <placement>
                        <ObjectPlacement objectTemplate="/system"/>
                    </placement>
                </Location>
                <Location name="Ostrava" template="Town" x="50" y="-50">
                    <placement>
                        <ObjectPlacement objectTemplate="/system"/>
                    </placement>
                </Location>
                <Location name="Most" template="Town" x="-50" y="-50">
                    <placement>
                        <ObjectPlacement objectTemplate="/system"/>
                    </placement>
                </Location>
            </subLocations>
            <neighbours>
                <!-- LOD 2 -->
                <Joint first="Kladno" second="Praha" dx="-1000" dy="0"/>
                <Joint first="Kladno" second="Ostrava" dx="0" dy="-1000"/>
                <Joint first="Kladno" second="Most" dx="-1000" dy="-1000"/>
                <Joint first="Praha" second="Most" dx="0" dy="-1000"/>
            </neighbours>
            <influences/>
            <objects/>
            <links/>
            <graphicInfo template="GrEmpty"/>
        </GraphLocation>
        
        <!-- Town LOD 2 -->
        <GraphLocation name="Town" lod="2" className="cz.ive.location.TownLocation">
            <inherentObjects>
                <Object name="Miner" template="MinerEnt" number="20"/>
                <Object name="Waiter" template="WaiterEnt" number="1"/>
                <Object name="Singer" template="SingerEnt" number="1"/>
            </inherentObjects>
            <subLocations>
                <Location name="Mine1" template="Mine" x="-100" y="0">
                    <genies>
                        <Genius className="cz.ive.genius.MineGenius" geniusId="MineGenius" >
                            <TopLevelGoal process="DelegatedMineWorkTaxi" goal="MineWorkTaxiGoal"/>
                            <CleaningGoal goalId="MineCleaningTaxiGoal">
                                <OntologyToken ontology="jBRP.expression">
                                    <defined>
                                        <objectlink role="miner" attrib="arm"/>
                                    </defined>
                                </OntologyToken>
                            </CleaningGoal>
                        </Genius>
                    </genies>
                    <placement>
                        <ObjectPlacement objectTemplate="/system"/>
                        <ObjectPlacement objectTemplate="/person/Miner"/>
                    </placement>
                </Location>
                <Location name="Mine2" template="Mine" x="-135" y="35">
                    <genies>
                        <Genius className="cz.ive.genius.MineGenius" geniusId="MineGenius" >
                            <TopLevelGoal process="DelegatedMineWorkTaxi" goal="MineWorkTaxiGoal"/>
                            <CleaningGoal goalId="MineCleaningTaxiGoal">
                                <OntologyToken ontology="jBRP.expression">
                                    <defined>
                                        <objectlink role="miner" attrib="arm"/>
                                    </defined>
                                </OntologyToken>
                            </CleaningGoal>
                        </Genius>
                    </genies>
                    <placement>
                        <ObjectPlacement objectTemplate="/system"/>
                        <ObjectPlacement objectTemplate="/person/Miner"/>
                    </placement>
                </Location>
                <Location name="Mine3" template="Mine" x="-40" y="60">
                    <genies>
                        <Genius className="cz.ive.genius.MineGenius" geniusId="MineGenius" >
                            <TopLevelGoal process="DelegatedMineWorkTaxi" goal="MineWorkTaxiGoal"/>
                            <CleaningGoal goalId="MineCleaningTaxiGoal">
                                <OntologyToken ontology="jBRP.expression">
                                    <defined>
                                        <objectlink role="miner" attrib="arm"/>
                                    </defined>
                                </OntologyToken>
                            </CleaningGoal>
                        </Genius>
                    </genies>
                    <placement>
                        <ObjectPlacement objectTemplate="/system"/>
                        <ObjectPlacement objectTemplate="/person/Miner"/>
                    </placement>
                </Location>
                <Location name="Mine4" template="Mine" x="-143" y="-50">
                    <genies>
                        <Genius className="cz.ive.genius.MineGenius" geniusId="MineGenius" >
                            <TopLevelGoal process="DelegatedMineWorkTaxi" goal="MineWorkTaxiGoal"/>
                            <CleaningGoal goalId="MineCleaningTaxiGoal">
                                <OntologyToken ontology="jBRP.expression">
                                    <defined>
                                        <objectlink role="miner" attrib="arm"/>
                                    </defined>
                                </OntologyToken>
                            </CleaningGoal>
                        </Genius>
                    </genies>
                    <placement>
                        <ObjectPlacement objectTemplate="/system"/>
                        <ObjectPlacement objectTemplate="/person/Miner"/>
                    </placement>
                </Location>
                <Location name="Mine5" template="Mine" x="-40" y="-60">
                    <genies>
                        <Genius className="cz.ive.genius.MineGenius" geniusId="MineGenius" >
                            <TopLevelGoal process="DelegatedMineWorkTaxi" goal="MineWorkTaxiGoal"/>
                            <CleaningGoal goalId="MineCleaningTaxiGoal">
                                <OntologyToken ontology="jBRP.expression">
                                    <defined>
                                        <objectlink role="miner" attrib="arm"/>
                                    </defined>
                                </OntologyToken>
                            </CleaningGoal>
                        </Genius>
                    </genies>
                    <placement>
                        <ObjectPlacement objectTemplate="/system"/>
                        <ObjectPlacement objectTemplate="/person/Miner"/>
                    </placement>
                </Location>
		<Location name="Pub" template="Pub" x="0" y="0">
    		   <genies>
                        <Genius className="cz.ive.genius.PubGenius" geniusId="PubGenius" >
                            <TopLevelGoal process="DelegatedJoyTaxi" goal="PubJoyTaxiGoal"/>
                        </Genius>
		
		    </genies>
                    <placement>
                        <ObjectPlacement objectTemplate="/system"/>
                        <ObjectPlacement objectTemplate="/person"/>
                        <ObjectPlacement objectTemplate="/person/Miner"/>
                    </placement>
                </Location>
                <Location name="Estate1" template="Estate" x="100" y="-40">
                    <placement>
                        <ObjectPlacement objectTemplate="/system"/>
                        <ObjectPlacement objectTemplate="/person"/>
                        <ObjectPlacement objectTemplate="/person/Miner"/>
                    </placement>
                </Location>
                <Location name="Estate2" template="Estate" x="180" y="-40">
                    <placement>
                        <ObjectPlacement objectTemplate="/system"/>
                        <ObjectPlacement objectTemplate="/person"/>
                        <ObjectPlacement objectTemplate="/person/Miner"/>
                    </placement>
                </Location>
                <Location name="Estate3" template="Estate" x="100" y="40">
                    <placement>
                        <ObjectPlacement objectTemplate="/system"/>
                        <ObjectPlacement objectTemplate="/person"/>
                        <ObjectPlacement objectTemplate="/person/Miner"/>
                    </placement>
                </Location>
                <Location name="Estate4" template="Estate" x="180" y="40">
                    <placement>
                        <ObjectPlacement objectTemplate="/system"/>
                        <ObjectPlacement objectTemplate="/person"/>
                        <ObjectPlacement objectTemplate="/person/Miner"/>
                    </placement>
                </Location>                
            </subLocations>
            <neighbours>
                <!-- LOD 3 -->
                <Joint first="Pub" second="Mine1" dx="-100" dy="0"/>
                <Joint first="Pub" second="Mine3" dx="-40" dy="60"/>
                <Joint first="Pub" second="Mine5" dx="-40" dy="-60"/>
                <Joint first="Mine1" second="Mine2" dx="-35" dy="35"/>
                <Joint first="Mine1" second="Mine4" dx="-43" dy="-50"/>
                
                <Joint first="Pub" second="Estate1" dx="100" dy="-40"/>
                <Joint first="Pub" second="Estate3" dx="100" dy="40"/>
                
                <Joint first="Estate1" second="Estate2" dx="80" dy="0"/>
                <Joint first="Estate3" second="Estate4" dx="80" dy="0"/>
                
                <Joint first="Estate1" second="Estate3" dx="0" dy="80"/>
                <Joint first="Estate2" second="Estate4" dx="0" dy="80"/>

                <!-- LOD 4 -->
                <Joint first="Pub.Yard" second="Mine1.Up" dx="-100" dy="0"/>
                <Joint first="Pub.Yard" second="Mine3.Up" dx="-40" dy="60"/>
                <Joint first="Pub.Yard" second="Mine5.Up" dx="-40" dy="-60"/>
                <Joint first="Mine1.Up" second="Mine2.Up" dx="-35" dy="35"/>
                <Joint first="Mine1.Up" second="Mine4.Up" dx="-43" dy="-50"/>
                
                <Joint first="Pub.Yard" second="Estate1.Yard" dx="100" dy="-40"/>
                <Joint first="Pub.Yard" second="Estate3.Yard" dx="100" dy="40"/>
                
                <Joint first="Estate1.Yard" second="Estate2.Yard" dx="80" dy="0"/>
                <Joint first="Estate3.Yard" second="Estate4.Yard" dx="80" dy="0"/>
                
                <Joint first="Estate1.Yard" second="Estate3.Yard" dx="0" dy="80"/>
                <Joint first="Estate2.Yard" second="Estate4.Yard" dx="0" dy="80"/>

                <!-- LOD 5 -->
                <Joint first="Pub.Yard.wp_1_15" second="Mine1.Up.wp_10_5" dx="-100" dy="0"/>
                <Joint first="Pub.Yard.wp_1_16" second="Mine1.Up.wp_10_6" dx="-100" dy="0"/>
                
                <Joint first="Pub.Yard.wp_1_30" second="Mine3.Up.wp_10_5" dx="-40" dy="60"/>
                <Joint first="Pub.Yard.wp_2_30" second="Mine3.Up.wp_10_6" dx="-40" dy="60"/>
                
                <Joint first="Pub.Yard.wp_1_1" second="Mine5.Up.wp_10_5" dx="-40" dy="-60"/>
                <Joint first="Pub.Yard.wp_2_1" second="Mine5.Up.wp_10_6" dx="-40" dy="-60"/>
                
                <Joint first="Mine1.Up.wp_5_10" second="Mine2.Up.wp_10_5" dx="-35" dy="35"/>
                <Joint first="Mine1.Up.wp_6_10" second="Mine2.Up.wp_10_6" dx="-35" dy="35"/>
                
                <Joint first="Mine1.Up.wp_5_1" second="Mine4.Up.wp_10_6" dx="-43" dy="-50"/>
                <Joint first="Mine1.Up.wp_6_1" second="Mine4.Up.wp_10_5" dx="-43" dy="-50"/>
                
                <Joint first="Pub.Yard.wp_30_14" second="Estate1.Yard.wp_1_15" dx="100" dy="-40"/>
                <Joint first="Pub.Yard.wp_30_15" second="Estate1.Yard.wp_1_16" dx="100" dy="-40"/>
                
                <Joint first="Pub.Yard.wp_30_16" second="Estate3.Yard.wp_1_15" dx="100" dy="40"/>
                <Joint first="Pub.Yard.wp_30_17" second="Estate3.Yard.wp_1_16" dx="100" dy="40"/>
                
                <Joint first="Estate1.Yard.wp_30_15" second="Estate2.Yard.wp_1_15" dx="80" dy="0"/>
                <Joint first="Estate1.Yard.wp_30_16" second="Estate2.Yard.wp_1_16" dx="80" dy="0"/>
                
                <Joint first="Estate3.Yard.wp_30_15" second="Estate4.Yard.wp_1_15" dx="80" dy="0"/>
                <Joint first="Estate3.Yard.wp_30_16" second="Estate4.Yard.wp_1_16" dx="80" dy="0"/>
                
                <Joint first="Estate1.Yard.wp_15_30" second="Estate3.Yard.wp_15_1" dx="0" dy="80"/>
                <Joint first="Estate1.Yard.wp_16_30" second="Estate3.Yard.wp_16_1" dx="0" dy="80"/>
                
                <Joint first="Estate2.Yard.wp_15_30" second="Estate4.Yard.wp_15_1" dx="0" dy="80"/>
                <Joint first="Estate2.Yard.wp_16_30" second="Estate4.Yard.wp_16_1" dx="0" dy="80"/>
                
            </neighbours>
            <influences/>
            <objects/>
            <links/>
            <graphicInfo template="GrTown"/>
        </GraphLocation>
        
    </locationTemplates>
    
</IveWorld>
